,SPAC IPO ,Date of IPO,CUSIP_x,Unnamed: 0,IPO name,CUSIP_y
0,Welsbach Technology Metals Acquisition Corp.,12/27/2021,950415208,15108,Arogo Capital Acq,04264410
1,Gardiner Healthcare Acquisitions Corp.,12/21/2021,365506203,15104,Larkspur Health Acquisition Co,51724W206
2,Gardiner Healthcare Acquisitions Corp.,12/21/2021,365506203,15105,Sagaliam Acquisition Corp,78661R205
3,Larkspur Health Acquisition Corp.,12/20/2021,51724W206,15103,NorthView Acquisition Corp,66718N103
4,Sagaliam Acquisition Corp.,12/20/2021,78661R205,15103,NorthView Acquisition Corp,66718N103
5,NorthView Acquisition Corp.,12/20/2021,66718N202,15103,NorthView Acquisition Corp,66718N103
6,Revelstone Capital Acquisition Corp.,12/16/2021,76137R205,15095,Ault Disruptive Technologies C,05150A203
7,Revelstone Capital Acquisition Corp.,12/16/2021,76137R205,15096,CF Acquisition Corp. VII,12521H206
8,Revelstone Capital Acquisition Corp.,12/16/2021,76137R205,15097,FTAC Emerald Acquisition Corp,29103K209
9,Revelstone Capital Acquisition Corp.,12/16/2021,76137R205,15098,Immix Biopharma Inc,45258H106
10,Revelstone Capital Acquisition Corp.,12/16/2021,76137R205,15099,Nuveen Variable Rate Preferred,67080R102
11,Revelstone Capital Acquisition Corp.,12/16/2021,76137R205,15100,Spree Acquisition Corp. 1 Ltd,G83745110
12,AP Acquisition Corp.,12/16/2021,G04058122,15095,Ault Disruptive Technologies C,05150A203
13,AP Acquisition Corp.,12/16/2021,G04058122,15096,CF Acquisition Corp. VII,12521H206
14,AP Acquisition Corp.,12/16/2021,G04058122,15097,FTAC Emerald Acquisition Corp,29103K209
15,AP Acquisition Corp.,12/16/2021,G04058122,15098,Immix Biopharma Inc,45258H106
16,AP Acquisition Corp.,12/16/2021,G04058122,15099,Nuveen Variable Rate Preferred,67080R102
17,AP Acquisition Corp.,12/16/2021,G04058122,15100,Spree Acquisition Corp. 1 Ltd,G83745110
18,CF Acquisition Corp. VII,12/15/2021,12521H206,15087,Ahren Acquisition Corp.,G01322117
19,CF Acquisition Corp. VII,12/15/2021,12521H206,15088,Battery Future Acquisition Cor,G0888J116
20,CF Acquisition Corp. VII,12/15/2021,12521H206,15089,EVe Mobility Acquisition Corp,G3218G125
21,CF Acquisition Corp. VII,12/15/2021,12521H206,15090,Genenta Science S.p.A.,36870W100
22,CF Acquisition Corp. VII,12/15/2021,12521H206,15091,Investcorp Europe Acquisition,G4923T121
23,CF Acquisition Corp. VII,12/15/2021,12521H206,15092,Pearl Holdings Acquisition Cor,G44525122
24,CF Acquisition Corp. VII,12/15/2021,12521H206,15093,Samsara Inc,79589L106
25,CF Acquisition Corp. VII,12/15/2021,12521H206,15094,Swiftmerge Acquisition Corp,G63836129
26,Ault Disruptive Technologies Corp.,12/15/2021,05150A203,15087,Ahren Acquisition Corp.,G01322117
27,Ault Disruptive Technologies Corp.,12/15/2021,05150A203,15088,Battery Future Acquisition Cor,G0888J116
28,Ault Disruptive Technologies Corp.,12/15/2021,05150A203,15089,EVe Mobility Acquisition Corp,G3218G125
29,Ault Disruptive Technologies Corp.,12/15/2021,05150A203,15090,Genenta Science S.p.A.,36870W100
30,Ault Disruptive Technologies Corp.,12/15/2021,05150A203,15091,Investcorp Europe Acquisition,G4923T121
31,Ault Disruptive Technologies Corp.,12/15/2021,05150A203,15092,Pearl Holdings Acquisition Cor,G44525122
32,Ault Disruptive Technologies Corp.,12/15/2021,05150A203,15093,Samsara Inc,79589L106
33,Ault Disruptive Technologies Corp.,12/15/2021,05150A203,15094,Swiftmerge Acquisition Corp,G63836129
34,FTAC Emerald Acquisition Corp.,12/15/2021,29103K209,15087,Ahren Acquisition Corp.,G01322117
35,FTAC Emerald Acquisition Corp.,12/15/2021,29103K209,15088,Battery Future Acquisition Cor,G0888J116
36,FTAC Emerald Acquisition Corp.,12/15/2021,29103K209,15089,EVe Mobility Acquisition Corp,G3218G125
37,FTAC Emerald Acquisition Corp.,12/15/2021,29103K209,15090,Genenta Science S.p.A.,36870W100
38,FTAC Emerald Acquisition Corp.,12/15/2021,29103K209,15091,Investcorp Europe Acquisition,G4923T121
39,FTAC Emerald Acquisition Corp.,12/15/2021,29103K209,15092,Pearl Holdings Acquisition Cor,G44525122
40,FTAC Emerald Acquisition Corp.,12/15/2021,29103K209,15093,Samsara Inc,79589L106
41,FTAC Emerald Acquisition Corp.,12/15/2021,29103K209,15094,Swiftmerge Acquisition Corp,G63836129
42,Spree Acquisition Corp. 1 Ltd,12/15/2021,G83745110,15087,Ahren Acquisition Corp.,G01322117
43,Spree Acquisition Corp. 1 Ltd,12/15/2021,G83745110,15088,Battery Future Acquisition Cor,G0888J116
44,Spree Acquisition Corp. 1 Ltd,12/15/2021,G83745110,15089,EVe Mobility Acquisition Corp,G3218G125
45,Spree Acquisition Corp. 1 Ltd,12/15/2021,G83745110,15090,Genenta Science S.p.A.,36870W100
46,Spree Acquisition Corp. 1 Ltd,12/15/2021,G83745110,15091,Investcorp Europe Acquisition,G4923T121
47,Spree Acquisition Corp. 1 Ltd,12/15/2021,G83745110,15092,Pearl Holdings Acquisition Cor,G44525122
48,Spree Acquisition Corp. 1 Ltd,12/15/2021,G83745110,15093,Samsara Inc,79589L106
49,Spree Acquisition Corp. 1 Ltd,12/15/2021,G83745110,15094,Swiftmerge Acquisition Corp,G63836129
50,Swiftmerge Acquisition Corp.,12/14/2021,G63836129,15084,Fresh Vine Wine Inc,35804X101
51,Swiftmerge Acquisition Corp.,12/14/2021,G63836129,15085,Kairous Acquisition Corp Ltd,G52131102
52,Swiftmerge Acquisition Corp.,12/14/2021,G63836129,15086,Sidus Space Inc,826165102
53,EVe Mobility Acquisition Corp.,12/14/2021,G3218G125,15084,Fresh Vine Wine Inc,35804X101
54,EVe Mobility Acquisition Corp.,12/14/2021,G3218G125,15085,Kairous Acquisition Corp Ltd,G52131102
55,EVe Mobility Acquisition Corp.,12/14/2021,G3218G125,15086,Sidus Space Inc,826165102
56,Pearl Holdings Acquisition Corp.,12/14/2021,G44525122,15084,Fresh Vine Wine Inc,35804X101
57,Pearl Holdings Acquisition Corp.,12/14/2021,G44525122,15085,Kairous Acquisition Corp Ltd,G52131102
58,Pearl Holdings Acquisition Corp.,12/14/2021,G44525122,15086,Sidus Space Inc,826165102
59,Investcorp Europe Acquisition Corp. I,12/14/2021,G4923T121,15084,Fresh Vine Wine Inc,35804X101
60,Investcorp Europe Acquisition Corp. I,12/14/2021,G4923T121,15085,Kairous Acquisition Corp Ltd,G52131102
61,Investcorp Europe Acquisition Corp. I,12/14/2021,G4923T121,15086,Sidus Space Inc,826165102
62,Ahren Acquisition Corp.,12/14/2021,G01322117,15084,Fresh Vine Wine Inc,35804X101
63,Ahren Acquisition Corp.,12/14/2021,G01322117,15085,Kairous Acquisition Corp Ltd,G52131102
64,Ahren Acquisition Corp.,12/14/2021,G01322117,15086,Sidus Space Inc,826165102
65,Battery Future Acquisition Corp.,12/14/2021,G0888J116,15084,Fresh Vine Wine Inc,35804X101
66,Battery Future Acquisition Corp.,12/14/2021,G0888J116,15085,Kairous Acquisition Corp Ltd,G52131102
67,Battery Future Acquisition Corp.,12/14/2021,G0888J116,15086,Sidus Space Inc,826165102
68,Alpha Star Acquisition Corp.,12/13/2021,,15082,Alpha Star Acquisition Corp,G0230C124
69,Alpha Star Acquisition Corp.,12/13/2021,,15083,BurTech Acquisition Corp.,123013203
70,Kairous Acquisition Corp. Ltd.,12/13/2021,G52131102,15082,Alpha Star Acquisition Corp,G0230C124
71,Kairous Acquisition Corp. Ltd.,12/13/2021,G52131102,15083,BurTech Acquisition Corp.,123013203
72,BurTech Acquisition Corp.,12/10/2021,123013203,15074,Athena Technology Acquisition,04687C204
73,BurTech Acquisition Corp.,12/10/2021,123013203,15075,Financial Strategies Acquisiti,31772T206
74,BurTech Acquisition Corp.,12/10/2021,123013203,15076,Forbion European Acquisition C,G3619H128
75,BurTech Acquisition Corp.,12/10/2021,123013203,15077,Growth for Good Acquisition Co,G41522122
76,BurTech Acquisition Corp.,12/10/2021,123013203,15078,Healthcare AI Acquisition Corp,G4373K125
77,BurTech Acquisition Corp.,12/10/2021,123013203,15079,Power & Digital Infrastructure,73919C209
78,BurTech Acquisition Corp.,12/10/2021,123013203,15080,Southport Acquisition Corp,84465L204
79,BurTech Acquisition Corp.,12/10/2021,123013203,15081,Trajectory Alpha Acquisition C,89301B203
80,TLGY Acquisition Corp.,11/30/2021,G8656T117,15045,Canna-Global Acquisition Corp,13767K200
81,Capitalworks Emerging Markets Acquisition Corp.,11/30/2021,G1889L118,15045,Canna-Global Acquisition Corp,13767K200
82,Roth CH Acquisition V Co.,11/30/2021,77867R209,15045,Canna-Global Acquisition Corp,13767K200
83,PROOF Acquisition Corp. I,11/30/2021,74349W203,15045,Canna-Global Acquisition Corp,13767K200
84,Beard Energy Transition Acquisition Corp.,11/23/2021,07402Q200,15039,Mana Capital Acquisition Corp,56168P203
85,Beard Energy Transition Acquisition Corp.,11/23/2021,07402Q200,15040,Vahanna Tech Edge Acq I,G9320Z125
86,Everest Consolidator Acquisition Corp.,11/23/2021,29978K201,15039,Mana Capital Acquisition Corp,56168P203
87,Everest Consolidator Acquisition Corp.,11/23/2021,29978K201,15040,Vahanna Tech Edge Acq I,G9320Z125
88,Vahanna Tech Edge Acquisition I Corp.,11/23/2021,G9320Z125,15039,Mana Capital Acquisition Corp,56168P203
89,Vahanna Tech Edge Acquisition I Corp.,11/23/2021,G9320Z125,15040,Vahanna Tech Edge Acq I,G9320Z125
90,8i Acquisition 2 Corp.,11/22/2021,G2956R111,15037,8i Acquisition 2 Corp,G2956R111
91,8i Acquisition 2 Corp.,11/22/2021,G2956R111,15038,Legato Merger Corp II,52473Y203
92,Mana Capital Acquisition Corp.,11/22/2021,56168P203,15037,8i Acquisition 2 Corp,G2956R111
93,Mana Capital Acquisition Corp.,11/22/2021,56168P203,15038,Legato Merger Corp II,52473Y203
94,Legato Merger Corp. II,11/22/2021,52473Y203,15037,8i Acquisition 2 Corp,G2956R111
95,Legato Merger Corp. II,11/22/2021,52473Y203,15038,Legato Merger Corp II,52473Y203
96,FTAC Zeus Acquisition Corp.,11/18/2021,30320F205,15027,Arisz Acquisition Corp.,040450207
97,FTAC Zeus Acquisition Corp.,11/18/2021,30320F205,15028,"Sweetgreen, Inc.",87043Q108
98,FTAC Zeus Acquisition Corp.,11/18/2021,30320F205,15029,bleuacacia ltd,G11728121
99,Crescera Capital Acquisition Corp.,11/18/2021,G26507122,15027,Arisz Acquisition Corp.,040450207
100,Crescera Capital Acquisition Corp.,11/18/2021,G26507122,15028,"Sweetgreen, Inc.",87043Q108
101,Crescera Capital Acquisition Corp.,11/18/2021,G26507122,15029,bleuacacia ltd,G11728121
102,InFinT Acquisition Corp.,11/18/2021,G47862118,15027,Arisz Acquisition Corp.,040450207
103,InFinT Acquisition Corp.,11/18/2021,G47862118,15028,"Sweetgreen, Inc.",87043Q108
104,InFinT Acquisition Corp.,11/18/2021,G47862118,15029,bleuacacia ltd,G11728121
105,Infinite Acquisition Corp.,11/18/2021,G48028115,15027,Arisz Acquisition Corp.,040450207
106,Infinite Acquisition Corp.,11/18/2021,G48028115,15028,"Sweetgreen, Inc.",87043Q108
107,Infinite Acquisition Corp.,11/18/2021,G48028115,15029,bleuacacia ltd,G11728121
108,ALSP Orchid Acquisition Corp. I,11/18/2021,G0231L115,15027,Arisz Acquisition Corp.,040450207
109,ALSP Orchid Acquisition Corp. I,11/18/2021,G0231L115,15028,"Sweetgreen, Inc.",87043Q108
110,ALSP Orchid Acquisition Corp. I,11/18/2021,G0231L115,15029,bleuacacia ltd,G11728121
111,bleuacacia Ltd.,11/17/2021,G11728121,15019,"Braze, Inc.",10576N102
112,bleuacacia Ltd.,11/17/2021,G11728121,15020,Iris Energy Ltd,Q4982L109
113,bleuacacia Ltd.,11/17/2021,G11728121,15021,LF Capital Acquisition Corp II,50200K207
114,bleuacacia Ltd.,11/17/2021,G11728121,15022,Nabors Energy Transition Corp.,629567207
115,bleuacacia Ltd.,11/17/2021,G11728121,15023,Seaport Global Acquisition II,81221H204
116,bleuacacia Ltd.,11/17/2021,G11728121,15024,ShoulderUP Technology Acquisit,82537G203
117,bleuacacia Ltd.,11/17/2021,G11728121,15025,Sono Group N.V.,N81409109
118,bleuacacia Ltd.,11/17/2021,G11728121,15026,"UserTesting, Inc.",91734E101
119,Seaport Global Acquisition II Corp.,11/17/2021,81221H204,15019,"Braze, Inc.",10576N102
120,Seaport Global Acquisition II Corp.,11/17/2021,81221H204,15020,Iris Energy Ltd,Q4982L109
121,Seaport Global Acquisition II Corp.,11/17/2021,81221H204,15021,LF Capital Acquisition Corp II,50200K207
122,Seaport Global Acquisition II Corp.,11/17/2021,81221H204,15022,Nabors Energy Transition Corp.,629567207
123,Seaport Global Acquisition II Corp.,11/17/2021,81221H204,15023,Seaport Global Acquisition II,81221H204
124,Seaport Global Acquisition II Corp.,11/17/2021,81221H204,15024,ShoulderUP Technology Acquisit,82537G203
125,Seaport Global Acquisition II Corp.,11/17/2021,81221H204,15025,Sono Group N.V.,N81409109
126,Seaport Global Acquisition II Corp.,11/17/2021,81221H204,15026,"UserTesting, Inc.",91734E101
127,Arisz Acquisition Corp.,11/17/2021,040450207,15019,"Braze, Inc.",10576N102
128,Arisz Acquisition Corp.,11/17/2021,040450207,15020,Iris Energy Ltd,Q4982L109
129,Arisz Acquisition Corp.,11/17/2021,040450207,15021,LF Capital Acquisition Corp II,50200K207
130,Arisz Acquisition Corp.,11/17/2021,040450207,15022,Nabors Energy Transition Corp.,629567207
131,Arisz Acquisition Corp.,11/17/2021,040450207,15023,Seaport Global Acquisition II,81221H204
132,Arisz Acquisition Corp.,11/17/2021,040450207,15024,ShoulderUP Technology Acquisit,82537G203
133,Arisz Acquisition Corp.,11/17/2021,040450207,15025,Sono Group N.V.,N81409109
134,Arisz Acquisition Corp.,11/17/2021,040450207,15026,"UserTesting, Inc.",91734E101
135,Nabors Energy Transition Corp.,11/16/2021,629567207,15018,Energem Corp,G30449113
136,ShoulderUp Technology Acquisition Corp.,11/16/2021,82537G203,15018,Energem Corp,G30449113
137,LF Capital Acquisition Corp. II,11/16/2021,50202D201,15018,Energem Corp,G30449113
138,Integrated Rail & Resources Acquisition Corp.,11/11/2021,45827R205,15004,Backblaze Inc,05637B105
139,Integrated Rail & Resources Acquisition Corp.,11/11/2021,45827R205,15005,HeartBeam Inc,42238H108
140,Integrated Rail & Resources Acquisition Corp.,11/11/2021,45827R205,15006,Kidpik Corp,49382L108
141,Integrated Rail & Resources Acquisition Corp.,11/11/2021,45827R205,15007,LAMF Global Ventures Corp I,G5338L116
142,Integrated Rail & Resources Acquisition Corp.,11/11/2021,45827R205,15008,Lulu's Fashion Lounge Holdings,55003A108
143,Integrated Rail & Resources Acquisition Corp.,11/11/2021,45827R205,15009,"Tivic Health Systems, Inc.",888705100
144,Integrated Rail & Resources Acquisition Corp.,11/11/2021,45827R205,15010,VMG Consumer Acquisition Corp,91842V201
145,Integrated Rail & Resources Acquisition Corp.,11/11/2021,45827R205,15011,Vaxxinity Inc,92244V104
146,Integrated Rail & Resources Acquisition Corp.,11/11/2021,45827R205,15012,Weave Communications Inc,94724R108
147,Integrated Rail & Resources Acquisition Corp.,11/11/2021,45827R205,15013,"Winc, Inc.",97265W105
148,Mountain Crest Acquisition Corp. V,11/11/2021,62404B206,15004,Backblaze Inc,05637B105
149,Mountain Crest Acquisition Corp. V,11/11/2021,62404B206,15005,HeartBeam Inc,42238H108
150,Mountain Crest Acquisition Corp. V,11/11/2021,62404B206,15006,Kidpik Corp,49382L108
151,Mountain Crest Acquisition Corp. V,11/11/2021,62404B206,15007,LAMF Global Ventures Corp I,G5338L116
152,Mountain Crest Acquisition Corp. V,11/11/2021,62404B206,15008,Lulu's Fashion Lounge Holdings,55003A108
153,Mountain Crest Acquisition Corp. V,11/11/2021,62404B206,15009,"Tivic Health Systems, Inc.",888705100
154,Mountain Crest Acquisition Corp. V,11/11/2021,62404B206,15010,VMG Consumer Acquisition Corp,91842V201
155,Mountain Crest Acquisition Corp. V,11/11/2021,62404B206,15011,Vaxxinity Inc,92244V104
156,Mountain Crest Acquisition Corp. V,11/11/2021,62404B206,15012,Weave Communications Inc,94724R108
157,Mountain Crest Acquisition Corp. V,11/11/2021,62404B206,15013,"Winc, Inc.",97265W105
158,LAMF Global Ventures Corp. I,11/10/2021,G5338L116,14995,Arena Fortify Acquisition Corp,04005A203
159,LAMF Global Ventures Corp. I,11/10/2021,G5338L116,14996,Ascendant Digital Acquisition,G05157121
160,LAMF Global Ventures Corp. I,11/10/2021,G5338L116,14997,Blockchain Coinvestors Acquisi,G11765123
161,LAMF Global Ventures Corp. I,11/10/2021,G5338L116,14998,Bluejay Diagnostics Inc,095633103
162,LAMF Global Ventures Corp. I,11/10/2021,G5338L116,14999,CI&T Inc,G21307106
163,LAMF Global Ventures Corp. I,11/10/2021,G5338L116,15000,Chain Bridge I,G2061X128
164,LAMF Global Ventures Corp. I,11/10/2021,G5338L116,15001,Expensify Inc,30219Q106
165,LAMF Global Ventures Corp. I,11/10/2021,G5338L116,15002,RCF Acquisition Corp,G7330C128
166,LAMF Global Ventures Corp. I,11/10/2021,G5338L116,15003,Rivian Automotive Inc,76954A103
167,VMG Consumer Acquisition Corp.,11/10/2021,91842V201,14995,Arena Fortify Acquisition Corp,04005A203
168,VMG Consumer Acquisition Corp.,11/10/2021,91842V201,14996,Ascendant Digital Acquisition,G05157121
169,VMG Consumer Acquisition Corp.,11/10/2021,91842V201,14997,Blockchain Coinvestors Acquisi,G11765123
170,VMG Consumer Acquisition Corp.,11/10/2021,91842V201,14998,Bluejay Diagnostics Inc,095633103
171,VMG Consumer Acquisition Corp.,11/10/2021,91842V201,14999,CI&T Inc,G21307106
172,VMG Consumer Acquisition Corp.,11/10/2021,91842V201,15000,Chain Bridge I,G2061X128
173,VMG Consumer Acquisition Corp.,11/10/2021,91842V201,15001,Expensify Inc,30219Q106
174,VMG Consumer Acquisition Corp.,11/10/2021,91842V201,15002,RCF Acquisition Corp,G7330C128
175,VMG Consumer Acquisition Corp.,11/10/2021,91842V201,15003,Rivian Automotive Inc,76954A103
176,Vision Sensing Acquisition Corp.,10/29/2021,92838J202,14942,Airsculpt Technologies Inc,009496100
177,Vision Sensing Acquisition Corp.,10/29/2021,92838J202,14943,AltEnergy Acquisition Corp,02157M207
178,Vision Sensing Acquisition Corp.,10/29/2021,92838J202,14944,Arbor Rapha Capital Bioholding,03881F203
179,Vision Sensing Acquisition Corp.,10/29/2021,92838J202,14945,Aura Biosciences Inc,05153U107
180,Vision Sensing Acquisition Corp.,10/29/2021,92838J202,14946,Biofrontera Inc,09077D100
181,Vision Sensing Acquisition Corp.,10/29/2021,92838J202,14947,Cactus Acquisition Corp 1 Ltd,G1745A116
182,Vision Sensing Acquisition Corp.,10/29/2021,92838J202,14948,Entrada Therapeutics Inc,29384C108
183,Vision Sensing Acquisition Corp.,10/29/2021,92838J202,14949,Hireright Holdings Corp,433537107
184,Vision Sensing Acquisition Corp.,10/29/2021,92838J202,14950,Project Energy Reimagined Acqu,G72556122
185,Vision Sensing Acquisition Corp.,10/29/2021,92838J202,14951,SDCL EDGE Acquisition Corp,G79471119
186,Vision Sensing Acquisition Corp.,10/29/2021,92838J202,14952,Sonendo Inc,835431107
187,Vision Sensing Acquisition Corp.,10/29/2021,92838J202,14953,Udemy Inc,902685106
188,SDCL Edge Acquisition Corp.,10/28/2021,G79471119,14934,Anthemis Digital Acquisitions,G03959122
189,SDCL Edge Acquisition Corp.,10/28/2021,G79471119,14935,Blackstone Secured Lending Fun,09261X102
190,SDCL Edge Acquisition Corp.,10/28/2021,G79471119,14936,Fluence Energy Inc,34379V103
191,SDCL Edge Acquisition Corp.,10/28/2021,G79471119,14937,Focus Impact Acquisition Corp,34417L208
192,SDCL Edge Acquisition Corp.,10/28/2021,G79471119,14938,GlobalFoundries Inc,G39387108
193,SDCL Edge Acquisition Corp.,10/28/2021,G79471119,14939,Perception Capital Corp II,G7007D128
194,SDCL Edge Acquisition Corp.,10/28/2021,G79471119,14940,Seaport Calibre Materials Acqu,812204204
195,SDCL Edge Acquisition Corp.,10/28/2021,G79471119,14941,Solo Brands Inc,83425V104
196,Project Energy Reimagined Acquisition Corp.,10/28/2021,G72556122,14934,Anthemis Digital Acquisitions,G03959122
197,Project Energy Reimagined Acquisition Corp.,10/28/2021,G72556122,14935,Blackstone Secured Lending Fun,09261X102
198,Project Energy Reimagined Acquisition Corp.,10/28/2021,G72556122,14936,Fluence Energy Inc,34379V103
199,Project Energy Reimagined Acquisition Corp.,10/28/2021,G72556122,14937,Focus Impact Acquisition Corp,34417L208
200,Project Energy Reimagined Acquisition Corp.,10/28/2021,G72556122,14938,GlobalFoundries Inc,G39387108
201,Project Energy Reimagined Acquisition Corp.,10/28/2021,G72556122,14939,Perception Capital Corp II,G7007D128
202,Project Energy Reimagined Acquisition Corp.,10/28/2021,G72556122,14940,Seaport Calibre Materials Acqu,812204204
203,Project Energy Reimagined Acquisition Corp.,10/28/2021,G72556122,14941,Solo Brands Inc,83425V104
204,Cactus Acquisition Corp. 1 Ltd.,10/28/2021,G1745A116,14934,Anthemis Digital Acquisitions,G03959122
205,Cactus Acquisition Corp. 1 Ltd.,10/28/2021,G1745A116,14935,Blackstone Secured Lending Fun,09261X102
206,Cactus Acquisition Corp. 1 Ltd.,10/28/2021,G1745A116,14936,Fluence Energy Inc,34379V103
207,Cactus Acquisition Corp. 1 Ltd.,10/28/2021,G1745A116,14937,Focus Impact Acquisition Corp,34417L208
208,Cactus Acquisition Corp. 1 Ltd.,10/28/2021,G1745A116,14938,GlobalFoundries Inc,G39387108
209,Cactus Acquisition Corp. 1 Ltd.,10/28/2021,G1745A116,14939,Perception Capital Corp II,G7007D128
210,Cactus Acquisition Corp. 1 Ltd.,10/28/2021,G1745A116,14940,Seaport Calibre Materials Acqu,812204204
211,Cactus Acquisition Corp. 1 Ltd.,10/28/2021,G1745A116,14941,Solo Brands Inc,83425V104
212,AltEnergy Acquisition Corp.,10/28/2021,02157M207,14934,Anthemis Digital Acquisitions,G03959122
213,AltEnergy Acquisition Corp.,10/28/2021,02157M207,14935,Blackstone Secured Lending Fun,09261X102
214,AltEnergy Acquisition Corp.,10/28/2021,02157M207,14936,Fluence Energy Inc,34379V103
215,AltEnergy Acquisition Corp.,10/28/2021,02157M207,14937,Focus Impact Acquisition Corp,34417L208
216,AltEnergy Acquisition Corp.,10/28/2021,02157M207,14938,GlobalFoundries Inc,G39387108
217,AltEnergy Acquisition Corp.,10/28/2021,02157M207,14939,Perception Capital Corp II,G7007D128
218,AltEnergy Acquisition Corp.,10/28/2021,02157M207,14940,Seaport Calibre Materials Acqu,812204204
219,AltEnergy Acquisition Corp.,10/28/2021,02157M207,14941,Solo Brands Inc,83425V104
220,Arbor Rapha Capital Bioholdings Corp. I,10/28/2021,03881F203,14934,Anthemis Digital Acquisitions,G03959122
221,Arbor Rapha Capital Bioholdings Corp. I,10/28/2021,03881F203,14935,Blackstone Secured Lending Fun,09261X102
222,Arbor Rapha Capital Bioholdings Corp. I,10/28/2021,03881F203,14936,Fluence Energy Inc,34379V103
223,Arbor Rapha Capital Bioholdings Corp. I,10/28/2021,03881F203,14937,Focus Impact Acquisition Corp,34417L208
224,Arbor Rapha Capital Bioholdings Corp. I,10/28/2021,03881F203,14938,GlobalFoundries Inc,G39387108
225,Arbor Rapha Capital Bioholdings Corp. I,10/28/2021,03881F203,14939,Perception Capital Corp II,G7007D128
226,Arbor Rapha Capital Bioholdings Corp. I,10/28/2021,03881F203,14940,Seaport Calibre Materials Acqu,812204204
227,Arbor Rapha Capital Bioholdings Corp. I,10/28/2021,03881F203,14941,Solo Brands Inc,83425V104
228,Perception Capital Corp. II,10/27/2021,G7007D128,14923,Arteris Inc,04302A104
229,Perception Capital Corp. II,10/27/2021,G7007D128,14924,Deep Medicine Acquisition Corp,243733201
230,Perception Capital Corp. II,10/27/2021,G7007D128,14925,Informatica Inc,45674M101
231,Perception Capital Corp. II,10/27/2021,G7007D128,14926,Innovative International Acqui,G4809M117
232,Perception Capital Corp. II,10/27/2021,G7007D128,14927,LAVA Medtech Acquisition Corp,519345201
233,Perception Capital Corp. II,10/27/2021,G7007D128,14928,MainStay CBRE Global Infrastru,56064Q107
234,Perception Capital Corp. II,10/27/2021,G7007D128,14929,Marpai Inc,571354109
235,Perception Capital Corp. II,10/27/2021,G7007D128,14930,OPY Acquisition Corp I,671005205
236,Perception Capital Corp. II,10/27/2021,G7007D128,14931,Pyrophyte Acquisition Corp,G7308P119
237,Perception Capital Corp. II,10/27/2021,G7007D128,14932,Rent The Runway Inc,76010Y103
238,Perception Capital Corp. II,10/27/2021,G7007D128,14933,TKB Critical Technologies 1,G88935104
239,Focus Impact Acquisition Corp.,10/27/2021,34417L208,14923,Arteris Inc,04302A104
240,Focus Impact Acquisition Corp.,10/27/2021,34417L208,14924,Deep Medicine Acquisition Corp,243733201
241,Focus Impact Acquisition Corp.,10/27/2021,34417L208,14925,Informatica Inc,45674M101
242,Focus Impact Acquisition Corp.,10/27/2021,34417L208,14926,Innovative International Acqui,G4809M117
243,Focus Impact Acquisition Corp.,10/27/2021,34417L208,14927,LAVA Medtech Acquisition Corp,519345201
244,Focus Impact Acquisition Corp.,10/27/2021,34417L208,14928,MainStay CBRE Global Infrastru,56064Q107
245,Focus Impact Acquisition Corp.,10/27/2021,34417L208,14929,Marpai Inc,571354109
246,Focus Impact Acquisition Corp.,10/27/2021,34417L208,14930,OPY Acquisition Corp I,671005205
247,Focus Impact Acquisition Corp.,10/27/2021,34417L208,14931,Pyrophyte Acquisition Corp,G7308P119
248,Focus Impact Acquisition Corp.,10/27/2021,34417L208,14932,Rent The Runway Inc,76010Y103
249,Focus Impact Acquisition Corp.,10/27/2021,34417L208,14933,TKB Critical Technologies 1,G88935104
250,Seaport Calibre Materials Acquisition Corp.,10/27/2021,812204204,14923,Arteris Inc,04302A104
251,Seaport Calibre Materials Acquisition Corp.,10/27/2021,812204204,14924,Deep Medicine Acquisition Corp,243733201
252,Seaport Calibre Materials Acquisition Corp.,10/27/2021,812204204,14925,Informatica Inc,45674M101
253,Seaport Calibre Materials Acquisition Corp.,10/27/2021,812204204,14926,Innovative International Acqui,G4809M117
254,Seaport Calibre Materials Acquisition Corp.,10/27/2021,812204204,14927,LAVA Medtech Acquisition Corp,519345201
255,Seaport Calibre Materials Acquisition Corp.,10/27/2021,812204204,14928,MainStay CBRE Global Infrastru,56064Q107
256,Seaport Calibre Materials Acquisition Corp.,10/27/2021,812204204,14929,Marpai Inc,571354109
257,Seaport Calibre Materials Acquisition Corp.,10/27/2021,812204204,14930,OPY Acquisition Corp I,671005205
258,Seaport Calibre Materials Acquisition Corp.,10/27/2021,812204204,14931,Pyrophyte Acquisition Corp,G7308P119
259,Seaport Calibre Materials Acquisition Corp.,10/27/2021,812204204,14932,Rent The Runway Inc,76010Y103
260,Seaport Calibre Materials Acquisition Corp.,10/27/2021,812204204,14933,TKB Critical Technologies 1,G88935104
261,Anthemis Digital Acquisitions I Corp.,10/27/2021,G03959122,14923,Arteris Inc,04302A104
262,Anthemis Digital Acquisitions I Corp.,10/27/2021,G03959122,14924,Deep Medicine Acquisition Corp,243733201
263,Anthemis Digital Acquisitions I Corp.,10/27/2021,G03959122,14925,Informatica Inc,45674M101
264,Anthemis Digital Acquisitions I Corp.,10/27/2021,G03959122,14926,Innovative International Acqui,G4809M117
265,Anthemis Digital Acquisitions I Corp.,10/27/2021,G03959122,14927,LAVA Medtech Acquisition Corp,519345201
266,Anthemis Digital Acquisitions I Corp.,10/27/2021,G03959122,14928,MainStay CBRE Global Infrastru,56064Q107
267,Anthemis Digital Acquisitions I Corp.,10/27/2021,G03959122,14929,Marpai Inc,571354109
268,Anthemis Digital Acquisitions I Corp.,10/27/2021,G03959122,14930,OPY Acquisition Corp I,671005205
269,Anthemis Digital Acquisitions I Corp.,10/27/2021,G03959122,14931,Pyrophyte Acquisition Corp,G7308P119
270,Anthemis Digital Acquisitions I Corp.,10/27/2021,G03959122,14932,Rent The Runway Inc,76010Y103
271,Anthemis Digital Acquisitions I Corp.,10/27/2021,G03959122,14933,TKB Critical Technologies 1,G88935104
272,M3-Brigade Acquisition III Corp.,10/21/2021,55407R202,14906,Accretion Acquisition Corp,00438Y206
273,M3-Brigade Acquisition III Corp.,10/21/2021,55407R202,14907,Enfusion Inc,292812104
274,M3-Brigade Acquisition III Corp.,10/21/2021,55407R202,14908,ExcelFin Acquisition Corp,30069X201
275,M3-Brigade Acquisition III Corp.,10/21/2021,55407R202,14909,Global Technology Acquisition,G3934N123
276,M3-Brigade Acquisition III Corp.,10/21/2021,55407R202,14910,GoGreen Investments Corp,G9461B127
277,M3-Brigade Acquisition III Corp.,10/21/2021,55407R202,14911,Newhold Investment Corp II,651450207
278,M3-Brigade Acquisition III Corp.,10/21/2021,55407R202,14912,Portillo's Inc.,73642K106
279,M3-Brigade Acquisition III Corp.,10/21/2021,55407R202,14913,Runway Growth Finance Corp,78163D100
280,M3-Brigade Acquisition III Corp.,10/21/2021,55407R202,14914,"The Vita Coco Company, Inc.",92846Q107
281,M3-Brigade Acquisition III Corp.,10/21/2021,55407R202,14915,Thrive Acquisition Corp,G7158C127
282,M3-Brigade Acquisition III Corp.,10/21/2021,55407R202,14916,Ventyx Biosciences Inc,92332V107
283,Pegasus Digital Mobility Acquisition Corp.,10/21/2021,G69768128,14906,Accretion Acquisition Corp,00438Y206
284,Pegasus Digital Mobility Acquisition Corp.,10/21/2021,G69768128,14907,Enfusion Inc,292812104
285,Pegasus Digital Mobility Acquisition Corp.,10/21/2021,G69768128,14908,ExcelFin Acquisition Corp,30069X201
286,Pegasus Digital Mobility Acquisition Corp.,10/21/2021,G69768128,14909,Global Technology Acquisition,G3934N123
287,Pegasus Digital Mobility Acquisition Corp.,10/21/2021,G69768128,14910,GoGreen Investments Corp,G9461B127
288,Pegasus Digital Mobility Acquisition Corp.,10/21/2021,G69768128,14911,Newhold Investment Corp II,651450207
289,Pegasus Digital Mobility Acquisition Corp.,10/21/2021,G69768128,14912,Portillo's Inc.,73642K106
290,Pegasus Digital Mobility Acquisition Corp.,10/21/2021,G69768128,14913,Runway Growth Finance Corp,78163D100
291,Pegasus Digital Mobility Acquisition Corp.,10/21/2021,G69768128,14914,"The Vita Coco Company, Inc.",92846Q107
292,Pegasus Digital Mobility Acquisition Corp.,10/21/2021,G69768128,14915,Thrive Acquisition Corp,G7158C127
293,Pegasus Digital Mobility Acquisition Corp.,10/21/2021,G69768128,14916,Ventyx Biosciences Inc,92332V107
294,Iconic Sports Acquisition Corp.,10/21/2021,G4712C123,14906,Accretion Acquisition Corp,00438Y206
295,Iconic Sports Acquisition Corp.,10/21/2021,G4712C123,14907,Enfusion Inc,292812104
296,Iconic Sports Acquisition Corp.,10/21/2021,G4712C123,14908,ExcelFin Acquisition Corp,30069X201
297,Iconic Sports Acquisition Corp.,10/21/2021,G4712C123,14909,Global Technology Acquisition,G3934N123
298,Iconic Sports Acquisition Corp.,10/21/2021,G4712C123,14910,GoGreen Investments Corp,G9461B127
299,Iconic Sports Acquisition Corp.,10/21/2021,G4712C123,14911,Newhold Investment Corp II,651450207
300,Iconic Sports Acquisition Corp.,10/21/2021,G4712C123,14912,Portillo's Inc.,73642K106
301,Iconic Sports Acquisition Corp.,10/21/2021,G4712C123,14913,Runway Growth Finance Corp,78163D100
302,Iconic Sports Acquisition Corp.,10/21/2021,G4712C123,14914,"The Vita Coco Company, Inc.",92846Q107
303,Iconic Sports Acquisition Corp.,10/21/2021,G4712C123,14915,Thrive Acquisition Corp,G7158C127
304,Iconic Sports Acquisition Corp.,10/21/2021,G4712C123,14916,Ventyx Biosciences Inc,92332V107
305,Newhold Investment Corp. II,10/20/2021,651450207,14898,Athena Consumer Acquisition Co,04684M205
306,Newhold Investment Corp. II,10/20/2021,651450207,14899,CYNGN Inc,23257B107
307,Newhold Investment Corp. II,10/20/2021,651450207,14900,Context Therapeutics Inc,21077P108
308,Newhold Investment Corp. II,10/20/2021,651450207,14901,Esgen Acquisition Corp,G3R95N129
309,Newhold Investment Corp. II,10/20/2021,651450207,14902,Industrial Human Capital Inc,45617P203
310,Newhold Investment Corp. II,10/20/2021,651450207,14903,Newcourt Acquisition Corp,G6448C111
311,Newhold Investment Corp. II,10/20/2021,651450207,14904,Stronghold Digital Mining Inc,86337R103
312,Newhold Investment Corp. II,10/20/2021,651450207,14905,Worldwide Webb Acquisition Cor,G97775129
313,GoGreen Investments Corp.,10/20/2021,G9461B127,14898,Athena Consumer Acquisition Co,04684M205
314,GoGreen Investments Corp.,10/20/2021,G9461B127,14899,CYNGN Inc,23257B107
315,GoGreen Investments Corp.,10/20/2021,G9461B127,14900,Context Therapeutics Inc,21077P108
316,GoGreen Investments Corp.,10/20/2021,G9461B127,14901,Esgen Acquisition Corp,G3R95N129
317,GoGreen Investments Corp.,10/20/2021,G9461B127,14902,Industrial Human Capital Inc,45617P203
318,GoGreen Investments Corp.,10/20/2021,G9461B127,14903,Newcourt Acquisition Corp,G6448C111
319,GoGreen Investments Corp.,10/20/2021,G9461B127,14904,Stronghold Digital Mining Inc,86337R103
320,GoGreen Investments Corp.,10/20/2021,G9461B127,14905,Worldwide Webb Acquisition Cor,G97775129
321,Global Technology Acquisition Corp. I,10/20/2021,G3934N123,14898,Athena Consumer Acquisition Co,04684M205
322,Global Technology Acquisition Corp. I,10/20/2021,G3934N123,14899,CYNGN Inc,23257B107
323,Global Technology Acquisition Corp. I,10/20/2021,G3934N123,14900,Context Therapeutics Inc,21077P108
324,Global Technology Acquisition Corp. I,10/20/2021,G3934N123,14901,Esgen Acquisition Corp,G3R95N129
325,Global Technology Acquisition Corp. I,10/20/2021,G3934N123,14902,Industrial Human Capital Inc,45617P203
326,Global Technology Acquisition Corp. I,10/20/2021,G3934N123,14903,Newcourt Acquisition Corp,G6448C111
327,Global Technology Acquisition Corp. I,10/20/2021,G3934N123,14904,Stronghold Digital Mining Inc,86337R103
328,Global Technology Acquisition Corp. I,10/20/2021,G3934N123,14905,Worldwide Webb Acquisition Cor,G97775129
329,Accretion Acquisition Corp.,10/20/2021,00438Y206,14898,Athena Consumer Acquisition Co,04684M205
330,Accretion Acquisition Corp.,10/20/2021,00438Y206,14899,CYNGN Inc,23257B107
331,Accretion Acquisition Corp.,10/20/2021,00438Y206,14900,Context Therapeutics Inc,21077P108
332,Accretion Acquisition Corp.,10/20/2021,00438Y206,14901,Esgen Acquisition Corp,G3R95N129
333,Accretion Acquisition Corp.,10/20/2021,00438Y206,14902,Industrial Human Capital Inc,45617P203
334,Accretion Acquisition Corp.,10/20/2021,00438Y206,14903,Newcourt Acquisition Corp,G6448C111
335,Accretion Acquisition Corp.,10/20/2021,00438Y206,14904,Stronghold Digital Mining Inc,86337R103
336,Accretion Acquisition Corp.,10/20/2021,00438Y206,14905,Worldwide Webb Acquisition Cor,G97775129
337,Thrive Acquisition Corp.,10/20/2021,G7158C127,14898,Athena Consumer Acquisition Co,04684M205
338,Thrive Acquisition Corp.,10/20/2021,G7158C127,14899,CYNGN Inc,23257B107
339,Thrive Acquisition Corp.,10/20/2021,G7158C127,14900,Context Therapeutics Inc,21077P108
340,Thrive Acquisition Corp.,10/20/2021,G7158C127,14901,Esgen Acquisition Corp,G3R95N129
341,Thrive Acquisition Corp.,10/20/2021,G7158C127,14902,Industrial Human Capital Inc,45617P203
342,Thrive Acquisition Corp.,10/20/2021,G7158C127,14903,Newcourt Acquisition Corp,G6448C111
343,Thrive Acquisition Corp.,10/20/2021,G7158C127,14904,Stronghold Digital Mining Inc,86337R103
344,Thrive Acquisition Corp.,10/20/2021,G7158C127,14905,Worldwide Webb Acquisition Cor,G97775129
345,ExcelFin Acquisition Corp.,10/20/2021,30069X201,14898,Athena Consumer Acquisition Co,04684M205
346,ExcelFin Acquisition Corp.,10/20/2021,30069X201,14899,CYNGN Inc,23257B107
347,ExcelFin Acquisition Corp.,10/20/2021,30069X201,14900,Context Therapeutics Inc,21077P108
348,ExcelFin Acquisition Corp.,10/20/2021,30069X201,14901,Esgen Acquisition Corp,G3R95N129
349,ExcelFin Acquisition Corp.,10/20/2021,30069X201,14902,Industrial Human Capital Inc,45617P203
350,ExcelFin Acquisition Corp.,10/20/2021,30069X201,14903,Newcourt Acquisition Corp,G6448C111
351,ExcelFin Acquisition Corp.,10/20/2021,30069X201,14904,Stronghold Digital Mining Inc,86337R103
352,ExcelFin Acquisition Corp.,10/20/2021,30069X201,14905,Worldwide Webb Acquisition Cor,G97775129
353,Newcourt Acquisition Corp.,10/19/2021,G6448C111,14894,Blockchain Moon Acquisition Co,09370F208
354,Newcourt Acquisition Corp.,10/19/2021,G6448C111,14895,Enterprise 4.0 Technology Acqu,G3137C122
355,Newcourt Acquisition Corp.,10/19/2021,G6448C111,14896,Fintech Ecosystem Development,318136207
356,Newcourt Acquisition Corp.,10/19/2021,G6448C111,14897,Sportsmap Tech Acquisition Cor,84921J207
357,"Industrial Human Capital, Inc.",10/19/2021,45617P203,14894,Blockchain Moon Acquisition Co,09370F208
358,"Industrial Human Capital, Inc.",10/19/2021,45617P203,14895,Enterprise 4.0 Technology Acqu,G3137C122
359,"Industrial Human Capital, Inc.",10/19/2021,45617P203,14896,Fintech Ecosystem Development,318136207
360,"Industrial Human Capital, Inc.",10/19/2021,45617P203,14897,Sportsmap Tech Acquisition Cor,84921J207
361,Athena Consumer Acquisition Corp.,10/19/2021,04684M205,14894,Blockchain Moon Acquisition Co,09370F208
362,Athena Consumer Acquisition Corp.,10/19/2021,04684M205,14895,Enterprise 4.0 Technology Acqu,G3137C122
363,Athena Consumer Acquisition Corp.,10/19/2021,04684M205,14896,Fintech Ecosystem Development,318136207
364,Athena Consumer Acquisition Corp.,10/19/2021,04684M205,14897,Sportsmap Tech Acquisition Cor,84921J207
365,Enterprise 4.0 Technology Acquisition Corp.,10/19/2021,G3137C122,14894,Blockchain Moon Acquisition Co,09370F208
366,Enterprise 4.0 Technology Acquisition Corp.,10/19/2021,G3137C122,14895,Enterprise 4.0 Technology Acqu,G3137C122
367,Enterprise 4.0 Technology Acquisition Corp.,10/19/2021,G3137C122,14896,Fintech Ecosystem Development,318136207
368,Enterprise 4.0 Technology Acquisition Corp.,10/19/2021,G3137C122,14897,Sportsmap Tech Acquisition Cor,84921J207
369,Worldwide Webb Acquisition Corp.,10/19/2021,G97775129,14894,Blockchain Moon Acquisition Co,09370F208
370,Worldwide Webb Acquisition Corp.,10/19/2021,G97775129,14895,Enterprise 4.0 Technology Acqu,G3137C122
371,Worldwide Webb Acquisition Corp.,10/19/2021,G97775129,14896,Fintech Ecosystem Development,318136207
372,Worldwide Webb Acquisition Corp.,10/19/2021,G97775129,14897,Sportsmap Tech Acquisition Cor,84921J207
373,ESGEN Acquisition Corp.,10/19/2021,G3R95N129,14894,Blockchain Moon Acquisition Co,09370F208
374,ESGEN Acquisition Corp.,10/19/2021,G3R95N129,14895,Enterprise 4.0 Technology Acqu,G3137C122
375,ESGEN Acquisition Corp.,10/19/2021,G3R95N129,14896,Fintech Ecosystem Development,318136207
376,ESGEN Acquisition Corp.,10/19/2021,G3R95N129,14897,Sportsmap Tech Acquisition Cor,84921J207
377,Fintech Ecosystem Development Corp.,10/18/2021,318136207,14893,"Belpointe PREP, LLC",080694102
378,Blockchain Moon Acquisition Corp.,10/18/2021,09370F208,14893,"Belpointe PREP, LLC",080694102
379,Sportsmap Tech Acquisition Corp.,10/18/2021,84921J207,14893,"Belpointe PREP, LLC",080694102
380,Achari Ventures Holdings Corp. I,10/15/2021,00444X200,14886,Achari Ventures Holdings Corp.,00444X200
381,Achari Ventures Holdings Corp. I,10/15/2021,00444X200,14887,Compass Digital Acquisition Co,G2476C115
382,Achari Ventures Holdings Corp. I,10/15/2021,00444X200,14888,Founder SPAC,G3661E122
383,Achari Ventures Holdings Corp. I,10/15/2021,00444X200,14889,MiNK Therapeutics Inc,603693102
384,Achari Ventures Holdings Corp. I,10/15/2021,00444X200,14890,Paragon 28 Inc,69913P105
385,Achari Ventures Holdings Corp. I,10/15/2021,00444X200,14891,PepperLime Health Acquisition,G70021129
386,Achari Ventures Holdings Corp. I,10/15/2021,00444X200,14892,Sanaby Health Acquisition Corp,79956P201
387,Compass Digital Acquisition Corp.,10/15/2021,G2476C115,14886,Achari Ventures Holdings Corp.,00444X200
388,Compass Digital Acquisition Corp.,10/15/2021,G2476C115,14887,Compass Digital Acquisition Co,G2476C115
389,Compass Digital Acquisition Corp.,10/15/2021,G2476C115,14888,Founder SPAC,G3661E122
390,Compass Digital Acquisition Corp.,10/15/2021,G2476C115,14889,MiNK Therapeutics Inc,603693102
391,Compass Digital Acquisition Corp.,10/15/2021,G2476C115,14890,Paragon 28 Inc,69913P105
392,Compass Digital Acquisition Corp.,10/15/2021,G2476C115,14891,PepperLime Health Acquisition,G70021129
393,Compass Digital Acquisition Corp.,10/15/2021,G2476C115,14892,Sanaby Health Acquisition Corp,79956P201
394,Founder SPAC,10/14/2021,G3661E122,14880,Black Mountain Acquisition Cor,09216A207
395,Founder SPAC,10/14/2021,G3661E122,14881,GitLab Inc,37637K108
396,Founder SPAC,10/14/2021,G3661E122,14882,IHS Holding Ltd,G4701H109
397,Founder SPAC,10/14/2021,G3661E122,14883,Lucid Diagnostics Inc,54948X109
398,Founder SPAC,10/14/2021,G3661E122,14884,Rose Hill Acquisition Corp,G7637J115
399,Founder SPAC,10/14/2021,G3661E122,14885,Tristar Acquisition I Corp,G9074V122
400,Sanaby Health Acquisition Corp. I,10/14/2021,79956P201,14880,Black Mountain Acquisition Cor,09216A207
401,Sanaby Health Acquisition Corp. I,10/14/2021,79956P201,14881,GitLab Inc,37637K108
402,Sanaby Health Acquisition Corp. I,10/14/2021,79956P201,14882,IHS Holding Ltd,G4701H109
403,Sanaby Health Acquisition Corp. I,10/14/2021,79956P201,14883,Lucid Diagnostics Inc,54948X109
404,Sanaby Health Acquisition Corp. I,10/14/2021,79956P201,14884,Rose Hill Acquisition Corp,G7637J115
405,Sanaby Health Acquisition Corp. I,10/14/2021,79956P201,14885,Tristar Acquisition I Corp,G9074V122
406,PepperLime Health Acquisition Corp.,10/14/2021,G70021129,14880,Black Mountain Acquisition Cor,09216A207
407,PepperLime Health Acquisition Corp.,10/14/2021,G70021129,14881,GitLab Inc,37637K108
408,PepperLime Health Acquisition Corp.,10/14/2021,G70021129,14882,IHS Holding Ltd,G4701H109
409,PepperLime Health Acquisition Corp.,10/14/2021,G70021129,14883,Lucid Diagnostics Inc,54948X109
410,PepperLime Health Acquisition Corp.,10/14/2021,G70021129,14884,Rose Hill Acquisition Corp,G7637J115
411,PepperLime Health Acquisition Corp.,10/14/2021,G70021129,14885,Tristar Acquisition I Corp,G9074V122
412,Tristar Acquisition I Corp.,10/13/2021,G9074V122,14876,AvidXchange Holdings Inc,05368X102
413,Tristar Acquisition I Corp.,10/13/2021,G9074V122,14877,"Catalyst Bancorp, Inc.",14888L101
414,Tristar Acquisition I Corp.,10/13/2021,G9074V122,14878,Fat Projects Acquisition Corp,G3400W128
415,Tristar Acquisition I Corp.,10/13/2021,G9074V122,14879,Healthcare Triangle Inc,42227W108
416,Black Mountain Acquisition Corp.,10/13/2021,09216A207,14876,AvidXchange Holdings Inc,05368X102
417,Black Mountain Acquisition Corp.,10/13/2021,09216A207,14877,"Catalyst Bancorp, Inc.",14888L101
418,Black Mountain Acquisition Corp.,10/13/2021,09216A207,14878,Fat Projects Acquisition Corp,G3400W128
419,Black Mountain Acquisition Corp.,10/13/2021,09216A207,14879,Healthcare Triangle Inc,42227W108
420,Rose Hill Acquisition Corp.,10/13/2021,G7637J115,14876,AvidXchange Holdings Inc,05368X102
421,Rose Hill Acquisition Corp.,10/13/2021,G7637J115,14877,"Catalyst Bancorp, Inc.",14888L101
422,Rose Hill Acquisition Corp.,10/13/2021,G7637J115,14878,Fat Projects Acquisition Corp,G3400W128
423,Rose Hill Acquisition Corp.,10/13/2021,G7637J115,14879,Healthcare Triangle Inc,42227W108
424,Fat Projects Acquisition Corp.,10/12/2021,G3400W128,14875,Gesher I Acquisition Corp,G38537117
425,Gesher I Acquisition Corp.,10/12/2021,G38537117,14875,Gesher I Acquisition Corp,G38537117
426,Ventoux CCM Acquisition Corp.,12/23/2020,92280L200,14071,7GC & Co Holdings Inc,81786A206
427,Ventoux CCM Acquisition Corp.,12/23/2020,92280L200,14072,CF Acquisition Corp. IV,12520T201
428,Ventoux CCM Acquisition Corp.,12/23/2020,92280L200,14073,GBS Inc,36151G105
429,Ventoux CCM Acquisition Corp.,12/23/2020,92280L200,14074,"Inhibikase Therapeutics, Inc.",45719W106
430,Ventoux CCM Acquisition Corp.,12/23/2020,92280L200,14075,Viveon Health Acquisition Corp,92853V205
431,Viveon Health Acquisition Corp.,12/23/2020,92853V205,14071,7GC & Co Holdings Inc,81786A206
432,Viveon Health Acquisition Corp.,12/23/2020,92853V205,14072,CF Acquisition Corp. IV,12520T201
433,Viveon Health Acquisition Corp.,12/23/2020,92853V205,14073,GBS Inc,36151G105
434,Viveon Health Acquisition Corp.,12/23/2020,92853V205,14074,"Inhibikase Therapeutics, Inc.",45719W106
435,Viveon Health Acquisition Corp.,12/23/2020,92853V205,14075,Viveon Health Acquisition Corp,92853V205
436,Healthcare Services Acquisition Corp.,12/22/2020,42227K203,14070,Healthcare Services,42227K203
437,CF Acquisition Corp. IV,12/22/2020,12520T201,14070,Healthcare Services,42227K203
438,7GC & Co. Holdings Inc.,12/22/2020,81786A206,14070,Healthcare Services,42227K203
439,Ackrell SPAC Partners I Co.,12/21/2020,00461L204,14069,Ackrell SPAC Partners I,00461L204
440,Dune Acquisition Corp.,12/17/2020,265334201,14060,Corner Growth Acquisition Corp,G2425N121
441,Dune Acquisition Corp.,12/17/2020,265334201,14061,ScION Tech Growth I,G31067120
442,Dune Acquisition Corp.,12/17/2020,265334201,14062,Virios Therapeutics LLC,92829J104
443,MedTech Acquisition Corp.,12/17/2020,58507N204,14060,Corner Growth Acquisition Corp,G2425N121
444,MedTech Acquisition Corp.,12/17/2020,58507N204,14061,ScION Tech Growth I,G31067120
445,MedTech Acquisition Corp.,12/17/2020,58507N204,14062,Virios Therapeutics LLC,92829J104
446,Golden Falcon Acquisition Corp.,12/17/2020,38102H208,14060,Corner Growth Acquisition Corp,G2425N121
447,Golden Falcon Acquisition Corp.,12/17/2020,38102H208,14061,ScION Tech Growth I,G31067120
448,Golden Falcon Acquisition Corp.,12/17/2020,38102H208,14062,Virios Therapeutics LLC,92829J104
449,Seven Oaks Acquisition Corp.,12/17/2020,81787X205,14060,Corner Growth Acquisition Corp,G2425N121
450,Seven Oaks Acquisition Corp.,12/17/2020,81787X205,14061,ScION Tech Growth I,G31067120
451,Seven Oaks Acquisition Corp.,12/17/2020,81787X205,14062,Virios Therapeutics LLC,92829J104
452,INSU Acquisition Corp. III,12/17/2020,457817302,14060,Corner Growth Acquisition Corp,G2425N121
453,INSU Acquisition Corp. III,12/17/2020,457817302,14061,ScION Tech Growth I,G31067120
454,INSU Acquisition Corp. III,12/17/2020,457817302,14062,Virios Therapeutics LLC,92829J104
455,ScION Tech Growth I,12/16/2020,G31067120,14055,BioAtla Inc,09077B104
456,ScION Tech Growth I,12/16/2020,G31067120,14056,Churchill Capital Corp V,17144T206
457,ScION Tech Growth I,12/16/2020,G31067120,14057,Contextlogic Inc,21077C107
458,ScION Tech Growth I,12/16/2020,G31067120,14058,Scopus Biopharma Inc,82835W108
459,ScION Tech Growth I,12/16/2020,G31067120,14059,Upstart Holdings Inc,91680M107
460,Corner Growth Acquisition Corp.,12/16/2020,G2425N121,14055,BioAtla Inc,09077B104
461,Corner Growth Acquisition Corp.,12/16/2020,G2425N121,14056,Churchill Capital Corp V,17144T206
462,Corner Growth Acquisition Corp.,12/16/2020,G2425N121,14057,Contextlogic Inc,21077C107
463,Corner Growth Acquisition Corp.,12/16/2020,G2425N121,14058,Scopus Biopharma Inc,82835W108
464,Corner Growth Acquisition Corp.,12/16/2020,G2425N121,14059,Upstart Holdings Inc,91680M107
465,Blue Water Acquisition Corp.,12/15/2020,09607T203,14049,Americas Tech Acq Corp,G0404A128
466,Blue Water Acquisition Corp.,12/15/2020,09607T203,14050,Blue Water Acquisition Corp,09607T203
467,Blue Water Acquisition Corp.,12/15/2020,09607T203,14051,Kins Technology Group Inc,49714K208
468,Blue Water Acquisition Corp.,12/15/2020,09607T203,14052,Marquee Raine Acquisition Corp,G58442115
469,Blue Water Acquisition Corp.,12/15/2020,09607T203,14053,Oriental Culture Holding Ltd,G6796W107
470,Blue Water Acquisition Corp.,12/15/2020,09607T203,14054,Wunong Net Technology Co Ltd,G9604C107
471,"KINS Technology Group, Inc.",12/15/2020,49714K208,14049,Americas Tech Acq Corp,G0404A128
472,"KINS Technology Group, Inc.",12/15/2020,49714K208,14050,Blue Water Acquisition Corp,09607T203
473,"KINS Technology Group, Inc.",12/15/2020,49714K208,14051,Kins Technology Group Inc,49714K208
474,"KINS Technology Group, Inc.",12/15/2020,49714K208,14052,Marquee Raine Acquisition Corp,G58442115
475,"KINS Technology Group, Inc.",12/15/2020,49714K208,14053,Oriental Culture Holding Ltd,G6796W107
476,"KINS Technology Group, Inc.",12/15/2020,49714K208,14054,Wunong Net Technology Co Ltd,G9604C107
477,Churchill Capital Corp. V,12/15/2020,17144T206,14049,Americas Tech Acq Corp,G0404A128
478,Churchill Capital Corp. V,12/15/2020,17144T206,14050,Blue Water Acquisition Corp,09607T203
479,Churchill Capital Corp. V,12/15/2020,17144T206,14051,Kins Technology Group Inc,49714K208
480,Churchill Capital Corp. V,12/15/2020,17144T206,14052,Marquee Raine Acquisition Corp,G58442115
481,Churchill Capital Corp. V,12/15/2020,17144T206,14053,Oriental Culture Holding Ltd,G6796W107
482,Churchill Capital Corp. V,12/15/2020,17144T206,14054,Wunong Net Technology Co Ltd,G9604C107
483,Americas Technology Acquisition Corp.,12/15/2020,G0404A128,14049,Americas Tech Acq Corp,G0404A128
484,Americas Technology Acquisition Corp.,12/15/2020,G0404A128,14050,Blue Water Acquisition Corp,09607T203
485,Americas Technology Acquisition Corp.,12/15/2020,G0404A128,14051,Kins Technology Group Inc,49714K208
486,Americas Technology Acquisition Corp.,12/15/2020,G0404A128,14052,Marquee Raine Acquisition Corp,G58442115
487,Americas Technology Acquisition Corp.,12/15/2020,G0404A128,14053,Oriental Culture Holding Ltd,G6796W107
488,Americas Technology Acquisition Corp.,12/15/2020,G0404A128,14054,Wunong Net Technology Co Ltd,G9604C107
489,"CBRE Acquisition Holdings, Inc.",12/11/2020,12510J205,14036,4D Molecular Therapeutics Inc,35104E100
490,"CBRE Acquisition Holdings, Inc.",12/11/2020,12510J205,14037,AbCellera Biologics Inc,00288U106
491,"CBRE Acquisition Holdings, Inc.",12/11/2020,12510J205,14038,CBRE Acquisition Holdings Inc,12510J205
492,"CBRE Acquisition Holdings, Inc.",12/11/2020,12510J205,14039,Certara Inc,15687V109
493,"CBRE Acquisition Holdings, Inc.",12/11/2020,12510J205,14040,Delwinds Ins Acq Corp,24803C201
494,"CBRE Acquisition Holdings, Inc.",12/11/2020,12510J205,14041,EdtechX Hldg Acq Corp II,28139A201
495,"CBRE Acquisition Holdings, Inc.",12/11/2020,12510J205,14042,Globis Acquisition Corp,379582208
496,"CBRE Acquisition Holdings, Inc.",12/11/2020,12510J205,14043,Gores Holdings VI Inc,38286R204
497,"CBRE Acquisition Holdings, Inc.",12/11/2020,12510J205,14044,Motive Capital Corp,G6293A129
498,"CBRE Acquisition Holdings, Inc.",12/11/2020,12510J205,14045,Roth Ch Acquisition II Co,778673202
499,"CBRE Acquisition Holdings, Inc.",12/11/2020,12510J205,14046,Senior Connect Acq Corp I,81723H207
500,"CBRE Acquisition Holdings, Inc.",12/11/2020,12510J205,14047,Thayer Ventures Acquisition,88332T209
501,"CBRE Acquisition Holdings, Inc.",12/11/2020,12510J205,14048,Vivos Therapeutics Inc,92859E108
502,EdTechX Holdings Acquisition Corp. II,12/10/2020,28139A201,14031,Airbnb Inc,009066101
503,EdTechX Holdings Acquisition Corp. II,12/10/2020,28139A201,14032,Carney Tech Acq Corp II,143636207
504,EdTechX Holdings Acquisition Corp. II,12/10/2020,28139A201,14033,Hydrofarm Holdings Group Inc,44888K209
505,EdTechX Holdings Acquisition Corp. II,12/10/2020,28139A201,14034,Periphas Capital Partnering Co,713895209
506,EdTechX Holdings Acquisition Corp. II,12/10/2020,28139A201,14035,RMG Acquisition Corp II,G76083115
507,Delwinds Insurance Acquisition Corp.,12/10/2020,24803C201,14031,Airbnb Inc,009066101
508,Delwinds Insurance Acquisition Corp.,12/10/2020,24803C201,14032,Carney Tech Acq Corp II,143636207
509,Delwinds Insurance Acquisition Corp.,12/10/2020,24803C201,14033,Hydrofarm Holdings Group Inc,44888K209
510,Delwinds Insurance Acquisition Corp.,12/10/2020,24803C201,14034,Periphas Capital Partnering Co,713895209
511,Delwinds Insurance Acquisition Corp.,12/10/2020,24803C201,14035,RMG Acquisition Corp II,G76083115
512,"Gores Holdings VI, Inc.",12/10/2020,38286R204,14031,Airbnb Inc,009066101
513,"Gores Holdings VI, Inc.",12/10/2020,38286R204,14032,Carney Tech Acq Corp II,143636207
514,"Gores Holdings VI, Inc.",12/10/2020,38286R204,14033,Hydrofarm Holdings Group Inc,44888K209
515,"Gores Holdings VI, Inc.",12/10/2020,38286R204,14034,Periphas Capital Partnering Co,713895209
516,"Gores Holdings VI, Inc.",12/10/2020,38286R204,14035,RMG Acquisition Corp II,G76083115
517,Thayer Ventures Acquisition Corp.,12/10/2020,88332T209,14031,Airbnb Inc,009066101
518,Thayer Ventures Acquisition Corp.,12/10/2020,88332T209,14032,Carney Tech Acq Corp II,143636207
519,Thayer Ventures Acquisition Corp.,12/10/2020,88332T209,14033,Hydrofarm Holdings Group Inc,44888K209
520,Thayer Ventures Acquisition Corp.,12/10/2020,88332T209,14034,Periphas Capital Partnering Co,713895209
521,Thayer Ventures Acquisition Corp.,12/10/2020,88332T209,14035,RMG Acquisition Corp II,G76083115
522,RMG Acquisition Corp. II,12/10/2020,G76083115,14031,Airbnb Inc,009066101
523,RMG Acquisition Corp. II,12/10/2020,G76083115,14032,Carney Tech Acq Corp II,143636207
524,RMG Acquisition Corp. II,12/10/2020,G76083115,14033,Hydrofarm Holdings Group Inc,44888K209
525,RMG Acquisition Corp. II,12/10/2020,G76083115,14034,Periphas Capital Partnering Co,713895209
526,RMG Acquisition Corp. II,12/10/2020,G76083115,14035,RMG Acquisition Corp II,G76083115
527,Globis Acquisition Corp.,12/10/2020,379582208,14031,Airbnb Inc,009066101
528,Globis Acquisition Corp.,12/10/2020,379582208,14032,Carney Tech Acq Corp II,143636207
529,Globis Acquisition Corp.,12/10/2020,379582208,14033,Hydrofarm Holdings Group Inc,44888K209
530,Globis Acquisition Corp.,12/10/2020,379582208,14034,Periphas Capital Partnering Co,713895209
531,Globis Acquisition Corp.,12/10/2020,379582208,14035,RMG Acquisition Corp II,G76083115
532,Roth CH Acquisition II Co.,12/10/2020,778673202,14031,Airbnb Inc,009066101
533,Roth CH Acquisition II Co.,12/10/2020,778673202,14032,Carney Tech Acq Corp II,143636207
534,Roth CH Acquisition II Co.,12/10/2020,778673202,14033,Hydrofarm Holdings Group Inc,44888K209
535,Roth CH Acquisition II Co.,12/10/2020,778673202,14034,Periphas Capital Partnering Co,713895209
536,Roth CH Acquisition II Co.,12/10/2020,778673202,14035,RMG Acquisition Corp II,G76083115
537,Senior Connect Acquisition Corp.,12/10/2020,81723H207,14031,Airbnb Inc,009066101
538,Senior Connect Acquisition Corp.,12/10/2020,81723H207,14032,Carney Tech Acq Corp II,143636207
539,Senior Connect Acquisition Corp.,12/10/2020,81723H207,14033,Hydrofarm Holdings Group Inc,44888K209
540,Senior Connect Acquisition Corp.,12/10/2020,81723H207,14034,Periphas Capital Partnering Co,713895209
541,Senior Connect Acquisition Corp.,12/10/2020,81723H207,14035,RMG Acquisition Corp II,G76083115
542,Motive Capital Corp.,12/10/2020,G6293A129,14031,Airbnb Inc,009066101
543,Motive Capital Corp.,12/10/2020,G6293A129,14032,Carney Tech Acq Corp II,143636207
544,Motive Capital Corp.,12/10/2020,G6293A129,14033,Hydrofarm Holdings Group Inc,44888K209
545,Motive Capital Corp.,12/10/2020,G6293A129,14034,Periphas Capital Partnering Co,713895209
546,Motive Capital Corp.,12/10/2020,G6293A129,14035,RMG Acquisition Corp II,G76083115
547,Seaport Global Acquisition Corp.,11/30/2020,812227205,14005,Seaport Global Acquisition,812227205
548,10X Capital Venture Acquisition Corp.,11/24/2020,88025V206,13995,10X Capital Venture Acq Corp,88025V206
549,10X Capital Venture Acquisition Corp.,11/24/2020,88025V206,13996,Genesis Park Acquisition Corp,G38245117
550,10X Capital Venture Acquisition Corp.,11/24/2020,88025V206,13997,HF Enterprises Inc,40438A105
551,10X Capital Venture Acquisition Corp.,11/24/2020,88025V206,13998,Ozon Holdings PLC,69269L104
552,10X Capital Venture Acquisition Corp.,11/24/2020,88025V206,13999,Spring Valley Acquisition Corp,G8377A116
553,10X Capital Venture Acquisition Corp.,11/24/2020,88025V206,14000,Tiga Acquisition Corp,G88672129
554,10X Capital Venture Acquisition Corp.,11/24/2020,88025V206,14001,Vision Marine Technologies Inc,C96657116
555,Forest Road Acquisition Corp.,11/24/2020,34619R201,13995,10X Capital Venture Acq Corp,88025V206
556,Forest Road Acquisition Corp.,11/24/2020,34619R201,13996,Genesis Park Acquisition Corp,G38245117
557,Forest Road Acquisition Corp.,11/24/2020,34619R201,13997,HF Enterprises Inc,40438A105
558,Forest Road Acquisition Corp.,11/24/2020,34619R201,13998,Ozon Holdings PLC,69269L104
559,Forest Road Acquisition Corp.,11/24/2020,34619R201,13999,Spring Valley Acquisition Corp,G8377A116
560,Forest Road Acquisition Corp.,11/24/2020,34619R201,14000,Tiga Acquisition Corp,G88672129
561,Forest Road Acquisition Corp.,11/24/2020,34619R201,14001,Vision Marine Technologies Inc,C96657116
562,Spartan Acquisition Corp. II,11/24/2020,846775203,13995,10X Capital Venture Acq Corp,88025V206
563,Spartan Acquisition Corp. II,11/24/2020,846775203,13996,Genesis Park Acquisition Corp,G38245117
564,Spartan Acquisition Corp. II,11/24/2020,846775203,13997,HF Enterprises Inc,40438A105
565,Spartan Acquisition Corp. II,11/24/2020,846775203,13998,Ozon Holdings PLC,69269L104
566,Spartan Acquisition Corp. II,11/24/2020,846775203,13999,Spring Valley Acquisition Corp,G8377A116
567,Spartan Acquisition Corp. II,11/24/2020,846775203,14000,Tiga Acquisition Corp,G88672129
568,Spartan Acquisition Corp. II,11/24/2020,846775203,14001,Vision Marine Technologies Inc,C96657116
569,Spring Valley Acquisition Corp.,11/23/2020,,13994,Breeze Hldg Acq Corp,106762206
570,Genesis Park Acquisition Corp.,11/23/2020,,13994,Breeze Hldg Acq Corp,106762206
571,Breeze Holdings Acquisition Corp.,11/23/2020,106762206,13994,Breeze Hldg Acq Corp,106762206
572,Tiga Acquisition Corp.,11/23/2020,G88672129,13994,Breeze Hldg Acq Corp,106762206
573,LifeSci Acquisition II Corp.,11/20/2020,,13987,Aequi Acquisition Corp,00775W201
574,LifeSci Acquisition II Corp.,11/20/2020,,13988,Cascade Acquisition Corp,147151203
575,LifeSci Acquisition II Corp.,11/20/2020,,13989,Kingswood Acquisition Corp,496861204
576,LifeSci Acquisition II Corp.,11/20/2020,,13990,Lifesci Acquisition II Corp,53229E103
577,LifeSci Acquisition II Corp.,11/20/2020,,13991,Maravai Lifesciences Hldg Inc,56600D107
578,LifeSci Acquisition II Corp.,11/20/2020,,13992,Omnichannel Acquisition Corp,68218L207
579,LifeSci Acquisition II Corp.,11/20/2020,,13993,Sotera Health Co,83601L102
580,Omnichannel Acquisition Corp.,11/20/2020,68218L207,13987,Aequi Acquisition Corp,00775W201
581,Omnichannel Acquisition Corp.,11/20/2020,68218L207,13988,Cascade Acquisition Corp,147151203
582,Omnichannel Acquisition Corp.,11/20/2020,68218L207,13989,Kingswood Acquisition Corp,496861204
583,Omnichannel Acquisition Corp.,11/20/2020,68218L207,13990,Lifesci Acquisition II Corp,53229E103
584,Omnichannel Acquisition Corp.,11/20/2020,68218L207,13991,Maravai Lifesciences Hldg Inc,56600D107
585,Omnichannel Acquisition Corp.,11/20/2020,68218L207,13992,Omnichannel Acquisition Corp,68218L207
586,Omnichannel Acquisition Corp.,11/20/2020,68218L207,13993,Sotera Health Co,83601L102
587,Aequi Acquisition Corp.,11/19/2020,00775W201,13978,Consonance-HFW Acq Corp,G2445M129
588,Aequi Acquisition Corp.,11/19/2020,00775W201,13979,Investindustrial Acq Corp,G4771L121
589,Aequi Acquisition Corp.,11/19/2020,00775W201,13980,Jiya Acquisition Corp,47760M102
590,Aequi Acquisition Corp.,11/19/2020,00775W201,13981,L&F Acquisition Corp,G53702125
591,Aequi Acquisition Corp.,11/19/2020,00775W201,13982,Neogames,L6673X107
592,Aequi Acquisition Corp.,11/19/2020,00775W201,13983,Olema Pharmaceuticals Inc,68062P106
593,Aequi Acquisition Corp.,11/19/2020,00775W201,13984,Reinvent Technology Partners Z,G74847123
594,Aequi Acquisition Corp.,11/19/2020,00775W201,13985,TELOS Corp,87969B101
595,Aequi Acquisition Corp.,11/19/2020,00775W201,13986,Yatsen Hldg Ltd,985194109
596,Cascade Acquisition Corp.,11/19/2020,147151203,13978,Consonance-HFW Acq Corp,G2445M129
597,Cascade Acquisition Corp.,11/19/2020,147151203,13979,Investindustrial Acq Corp,G4771L121
598,Cascade Acquisition Corp.,11/19/2020,147151203,13980,Jiya Acquisition Corp,47760M102
599,Cascade Acquisition Corp.,11/19/2020,147151203,13981,L&F Acquisition Corp,G53702125
600,Cascade Acquisition Corp.,11/19/2020,147151203,13982,Neogames,L6673X107
601,Cascade Acquisition Corp.,11/19/2020,147151203,13983,Olema Pharmaceuticals Inc,68062P106
602,Cascade Acquisition Corp.,11/19/2020,147151203,13984,Reinvent Technology Partners Z,G74847123
603,Cascade Acquisition Corp.,11/19/2020,147151203,13985,TELOS Corp,87969B101
604,Cascade Acquisition Corp.,11/19/2020,147151203,13986,Yatsen Hldg Ltd,985194109
605,Kingswood Global Holdings Inc.,11/19/2020,496861204,13978,Consonance-HFW Acq Corp,G2445M129
606,Kingswood Global Holdings Inc.,11/19/2020,496861204,13979,Investindustrial Acq Corp,G4771L121
607,Kingswood Global Holdings Inc.,11/19/2020,496861204,13980,Jiya Acquisition Corp,47760M102
608,Kingswood Global Holdings Inc.,11/19/2020,496861204,13981,L&F Acquisition Corp,G53702125
609,Kingswood Global Holdings Inc.,11/19/2020,496861204,13982,Neogames,L6673X107
610,Kingswood Global Holdings Inc.,11/19/2020,496861204,13983,Olema Pharmaceuticals Inc,68062P106
611,Kingswood Global Holdings Inc.,11/19/2020,496861204,13984,Reinvent Technology Partners Z,G74847123
612,Kingswood Global Holdings Inc.,11/19/2020,496861204,13985,TELOS Corp,87969B101
613,Kingswood Global Holdings Inc.,11/19/2020,496861204,13986,Yatsen Hldg Ltd,985194109
614,Consonance-HFW Acquisition Corp.,11/18/2020,,13977,Population Health Invest Co,G71716123
615,Investindustrial Acquisition Corp.,11/18/2020,G4771L121,13977,Population Health Invest Co,G71716123
616,L&F Acquisition Corp.,11/18/2020,G53702125,13977,Population Health Invest Co,G71716123
617,Jiya Acquisition Corp.,11/18/2020,,13977,Population Health Invest Co,G71716123
618,Reinvent Technology Partners Z,11/18/2020,,13977,Population Health Invest Co,G71716123
619,"Population Health Investment Co., Inc.",11/18/2020,G71716123,13977,Population Health Invest Co,G71716123
620,OTR Acquisition Corp.,11/17/2020,67113Q204,13973,Dragoneer Growth II,G28314105
621,OTR Acquisition Corp.,11/17/2020,67113Q204,13974,OTR Acquisition Corp,67113Q204
622,OTR Acquisition Corp.,11/17/2020,67113Q204,13975,Pine Island Acq Corp,722615200
623,OTR Acquisition Corp.,11/17/2020,67113Q204,13976,Zanite Acquisition Corp,98907K202
624,Northern Star Acquisition Corp.,11/10/2020,665742201,13965,Edoc Acquisition Corp,G4000A128
625,Northern Star Acquisition Corp.,11/10/2020,665742201,13966,TS Innovation Acqs Corp,87284T209
626,Natural Order Acquisition Corp.,11/10/2020,63889L206,13965,Edoc Acquisition Corp,G4000A128
627,Natural Order Acquisition Corp.,11/10/2020,63889L206,13966,TS Innovation Acqs Corp,87284T209
628,New Beginnings Acquisition Corp.,10/29/2020,64222H209,13953,Allegro MicroSystems Inc,01749D105
629,New Beginnings Acquisition Corp.,10/29/2020,64222H209,13954,Duddell St Acq Corp,G28553124
630,New Beginnings Acquisition Corp.,10/29/2020,64222H209,13955,Galecto Inc,36322Q107
631,New Beginnings Acquisition Corp.,10/29/2020,64222H209,13956,Leslies Inc,527064109
632,CONX Corp.,10/29/2020,212873202,13953,Allegro MicroSystems Inc,01749D105
633,CONX Corp.,10/29/2020,212873202,13954,Duddell St Acq Corp,G28553124
634,CONX Corp.,10/29/2020,212873202,13955,Galecto Inc,36322Q107
635,CONX Corp.,10/29/2020,212873202,13956,Leslies Inc,527064109
636,Bull Horn Holdings Corp,10/29/2020,,13953,Allegro MicroSystems Inc,01749D105
637,Bull Horn Holdings Corp,10/29/2020,,13954,Duddell St Acq Corp,G28553124
638,Bull Horn Holdings Corp,10/29/2020,,13955,Galecto Inc,36322Q107
639,Bull Horn Holdings Corp,10/29/2020,,13956,Leslies Inc,527064109
640,Duddell Street Acquisition Corp.,10/28/2020,G28553124,13945,Ajax I,G0190X118
641,Duddell Street Acquisition Corp.,10/28/2020,G28553124,13946,Atlas Crest Investment Corp,049284201
642,Duddell Street Acquisition Corp.,10/28/2020,G28553124,13947,Biodesix Inc,09075X108
643,Duddell Street Acquisition Corp.,10/28/2020,G28553124,13948,Bluescape Opportunities Acq,G1195N121
644,Duddell Street Acquisition Corp.,10/28/2020,G28553124,13949,GATOS Silver,368036109
645,Duddell Street Acquisition Corp.,10/28/2020,G28553124,13950,Mallard Acquisition Corp,561204207
646,Duddell Street Acquisition Corp.,10/28/2020,G28553124,13951,MediaAlpha Inc,58450V104
647,Duddell Street Acquisition Corp.,10/28/2020,G28553124,13952,Root Inc,77664L108
648,Bluescape Opportunities Acquisition Corp.,10/27/2020,G1195N121,13944,Lux Health Tech Acq Corp,55068A209
649,Mallard Acquisition Corp.,10/27/2020,561204207,13944,Lux Health Tech Acq Corp,55068A209
650,Atlas Crest Investment Corp.,10/27/2020,049284201,13944,Lux Health Tech Acq Corp,55068A209
651,Ajax I,10/27/2020,G1993M119,13944,Lux Health Tech Acq Corp,55068A209
652,Eucrates Biomedical Acquisition Corp.,10/23/2020,G3141W114,13940,Acies Acquisition Corp,G0103T121
653,Eucrates Biomedical Acquisition Corp.,10/23/2020,G3141W114,13941,Altimar Acquisition Corp,G03707125
654,Eucrates Biomedical Acquisition Corp.,10/23/2020,G3141W114,13942,Eucrates Biomedical Acquisitio,G3141W114
655,Eucrates Biomedical Acquisition Corp.,10/23/2020,G3141W114,13943,Foghorn Therapeutics Inc,344174107
656,Acies Acquisition Corp.,10/22/2020,,13933,BCLS Acquisition Corp,G0904B105
657,Acies Acquisition Corp.,10/22/2020,,13934,Cerberus Telecom Acq Corp,G2040C112
658,Acies Acquisition Corp.,10/22/2020,,13935,Guild Holdings Co,40172N107
659,Acies Acquisition Corp.,10/22/2020,,13936,McAfee Corp,579063108
660,Acies Acquisition Corp.,10/22/2020,,13937,Rice Acquisition Corp,762594208
661,Acies Acquisition Corp.,10/22/2020,,13938,Tekkorp Digital Acquisition,G8739H122
662,Acies Acquisition Corp.,10/22/2020,,13939,Yellowstone Acquisition Co,98566K204
663,Altimar Acquisition Corp.,10/22/2020,G03707125,13933,BCLS Acquisition Corp,G0904B105
664,Altimar Acquisition Corp.,10/22/2020,G03707125,13934,Cerberus Telecom Acq Corp,G2040C112
665,Altimar Acquisition Corp.,10/22/2020,G03707125,13935,Guild Holdings Co,40172N107
666,Altimar Acquisition Corp.,10/22/2020,G03707125,13936,McAfee Corp,579063108
667,Altimar Acquisition Corp.,10/22/2020,G03707125,13937,Rice Acquisition Corp,762594208
668,Altimar Acquisition Corp.,10/22/2020,G03707125,13938,Tekkorp Digital Acquisition,G8739H122
669,Altimar Acquisition Corp.,10/22/2020,G03707125,13939,Yellowstone Acquisition Co,98566K204
670,Tekkorp Digital Acquisition Corp.,10/21/2020,G8739H122,13926,DPCM Capital Inc,23344P200
671,Tekkorp Digital Acquisition Corp.,10/21/2020,G8739H122,13927,Datto Holding Corp,23821D100
672,Tekkorp Digital Acquisition Corp.,10/21/2020,G8739H122,13928,HIG Acquisition Corp,G44898115
673,Tekkorp Digital Acquisition Corp.,10/21/2020,G8739H122,13929,Lefteris Acquisition Corp,52470X208
674,Tekkorp Digital Acquisition Corp.,10/21/2020,G8739H122,13930,Mingzhu Logistics Holdings Ltd,G6180C105
675,Tekkorp Digital Acquisition Corp.,10/21/2020,G8739H122,13931,Sarissa Capital Acq Corp,G7823W128
676,Tekkorp Digital Acquisition Corp.,10/21/2020,G8739H122,13932,Supernova Partners Acq Co Inc,86846V207
677,Yellowstone Acquisition Corp.,10/21/2020,98566K204,13926,DPCM Capital Inc,23344P200
678,Yellowstone Acquisition Corp.,10/21/2020,98566K204,13927,Datto Holding Corp,23821D100
679,Yellowstone Acquisition Corp.,10/21/2020,98566K204,13928,HIG Acquisition Corp,G44898115
680,Yellowstone Acquisition Corp.,10/21/2020,98566K204,13929,Lefteris Acquisition Corp,52470X208
681,Yellowstone Acquisition Corp.,10/21/2020,98566K204,13930,Mingzhu Logistics Holdings Ltd,G6180C105
682,Yellowstone Acquisition Corp.,10/21/2020,98566K204,13931,Sarissa Capital Acq Corp,G7823W128
683,Yellowstone Acquisition Corp.,10/21/2020,98566K204,13932,Supernova Partners Acq Co Inc,86846V207
684,"DPCM Capital, Inc.",10/21/2020,23344P200,13926,DPCM Capital Inc,23344P200
685,"DPCM Capital, Inc.",10/21/2020,23344P200,13927,Datto Holding Corp,23821D100
686,"DPCM Capital, Inc.",10/21/2020,23344P200,13928,HIG Acquisition Corp,G44898115
687,"DPCM Capital, Inc.",10/21/2020,23344P200,13929,Lefteris Acquisition Corp,52470X208
688,"DPCM Capital, Inc.",10/21/2020,23344P200,13930,Mingzhu Logistics Holdings Ltd,G6180C105
689,"DPCM Capital, Inc.",10/21/2020,23344P200,13931,Sarissa Capital Acq Corp,G7823W128
690,"DPCM Capital, Inc.",10/21/2020,23344P200,13932,Supernova Partners Acq Co Inc,86846V207
691,Cerberus Telecom Acquisition Corp.,10/21/2020,,13926,DPCM Capital Inc,23344P200
692,Cerberus Telecom Acquisition Corp.,10/21/2020,,13927,Datto Holding Corp,23821D100
693,Cerberus Telecom Acquisition Corp.,10/21/2020,,13928,HIG Acquisition Corp,G44898115
694,Cerberus Telecom Acquisition Corp.,10/21/2020,,13929,Lefteris Acquisition Corp,52470X208
695,Cerberus Telecom Acquisition Corp.,10/21/2020,,13930,Mingzhu Logistics Holdings Ltd,G6180C105
696,Cerberus Telecom Acquisition Corp.,10/21/2020,,13931,Sarissa Capital Acq Corp,G7823W128
697,Cerberus Telecom Acquisition Corp.,10/21/2020,,13932,Supernova Partners Acq Co Inc,86846V207
698,BCLS Acquisition Corp.,10/21/2020,,13926,DPCM Capital Inc,23344P200
699,BCLS Acquisition Corp.,10/21/2020,,13927,Datto Holding Corp,23821D100
700,BCLS Acquisition Corp.,10/21/2020,,13928,HIG Acquisition Corp,G44898115
701,BCLS Acquisition Corp.,10/21/2020,,13929,Lefteris Acquisition Corp,52470X208
702,BCLS Acquisition Corp.,10/21/2020,,13930,Mingzhu Logistics Holdings Ltd,G6180C105
703,BCLS Acquisition Corp.,10/21/2020,,13931,Sarissa Capital Acq Corp,G7823W128
704,BCLS Acquisition Corp.,10/21/2020,,13932,Supernova Partners Acq Co Inc,86846V207
705,Rice Acquisition Corp.,10/21/2020,762594208,13926,DPCM Capital Inc,23344P200
706,Rice Acquisition Corp.,10/21/2020,762594208,13927,Datto Holding Corp,23821D100
707,Rice Acquisition Corp.,10/21/2020,762594208,13928,HIG Acquisition Corp,G44898115
708,Rice Acquisition Corp.,10/21/2020,762594208,13929,Lefteris Acquisition Corp,52470X208
709,Rice Acquisition Corp.,10/21/2020,762594208,13930,Mingzhu Logistics Holdings Ltd,G6180C105
710,Rice Acquisition Corp.,10/21/2020,762594208,13931,Sarissa Capital Acq Corp,G7823W128
711,Rice Acquisition Corp.,10/21/2020,762594208,13932,Supernova Partners Acq Co Inc,86846V207
712,Good Works Acquisition Corp.,10/20/2020,38216X206,13922,Decarbonization Plus Acq Corp,242797207
713,Good Works Acquisition Corp.,10/20/2020,38216X206,13923,Good Works Acquisition Corp,38216X206
714,Good Works Acquisition Corp.,10/20/2020,38216X206,13924,Helix Acquisition Corp,G4444C102
715,Good Works Acquisition Corp.,10/20/2020,38216X206,13925,Horizon Acquisition Corp II,G46044122
716,"Supernova Partners Acquisition Co., Inc.",10/20/2020,86846V207,13922,Decarbonization Plus Acq Corp,242797207
717,"Supernova Partners Acquisition Co., Inc.",10/20/2020,86846V207,13923,Good Works Acquisition Corp,38216X206
718,"Supernova Partners Acquisition Co., Inc.",10/20/2020,86846V207,13924,Helix Acquisition Corp,G4444C102
719,"Supernova Partners Acquisition Co., Inc.",10/20/2020,86846V207,13925,Horizon Acquisition Corp II,G46044122
720,Sarissa Capital Acquisition Corp.,10/20/2020,,13922,Decarbonization Plus Acq Corp,242797207
721,Sarissa Capital Acquisition Corp.,10/20/2020,,13923,Good Works Acquisition Corp,38216X206
722,Sarissa Capital Acquisition Corp.,10/20/2020,,13924,Helix Acquisition Corp,G4444C102
723,Sarissa Capital Acquisition Corp.,10/20/2020,,13925,Horizon Acquisition Corp II,G46044122
724,H.I.G. Acquisition Corp,10/20/2020,G44898115,13922,Decarbonization Plus Acq Corp,242797207
725,H.I.G. Acquisition Corp,10/20/2020,G44898115,13923,Good Works Acquisition Corp,38216X206
726,H.I.G. Acquisition Corp,10/20/2020,G44898115,13924,Helix Acquisition Corp,G4444C102
727,H.I.G. Acquisition Corp,10/20/2020,G44898115,13925,Horizon Acquisition Corp II,G46044122
728,Lefteris Acquisition Corp.,10/20/2020,52470X208,13922,Decarbonization Plus Acq Corp,242797207
729,Lefteris Acquisition Corp.,10/20/2020,52470X208,13923,Good Works Acquisition Corp,38216X206
730,Lefteris Acquisition Corp.,10/20/2020,52470X208,13924,Helix Acquisition Corp,G4444C102
731,Lefteris Acquisition Corp.,10/20/2020,52470X208,13925,Horizon Acquisition Corp II,G46044122
732,Bridgetown Holdings Ltd.,10/16/2020,G1355U105,13915,Aligos Therapeutics Inc,01626L105
733,Bridgetown Holdings Ltd.,10/16/2020,G1355U105,13916,Bridgetown Holdings Ltd,G1355U105
734,Bridgetown Holdings Ltd.,10/16/2020,G1355U105,13917,Eargo Inc,270087109
735,Bridgetown Holdings Ltd.,10/16/2020,G1355U105,13918,Kiromic Biopharma Inc,497634105
736,Bridgetown Holdings Ltd.,10/16/2020,G1355U105,13919,Praxis Precision Medicines Inc,74006W108
737,Bridgetown Holdings Ltd.,10/16/2020,G1355U105,13920,Tarsus Pharmaceuticals Inc,87650L103
738,Bridgetown Holdings Ltd.,10/16/2020,G1355U105,13921,Turmeric Acquisition Corp,G9127T116
739,Motion Acquisition Corp.,10/15/2020,61980M206,13911,Array Technologies Inc,04271T100
740,Motion Acquisition Corp.,10/15/2020,61980M206,13912,MINISO Group Holding Ltd,66981J102
741,Motion Acquisition Corp.,10/15/2020,61980M206,13913,Motion Acquisition Corp,61980M206
742,Motion Acquisition Corp.,10/15/2020,61980M206,13914,Spartacus Acq Corp,84677L208
743,Spartacus Acquisition Corp.,10/15/2020,84677L208,13911,Array Technologies Inc,04271T100
744,Spartacus Acquisition Corp.,10/15/2020,84677L208,13912,MINISO Group Holding Ltd,66981J102
745,Spartacus Acquisition Corp.,10/15/2020,84677L208,13913,Motion Acquisition Corp,61980M206
746,Spartacus Acquisition Corp.,10/15/2020,84677L208,13914,Spartacus Acq Corp,84677L208
747,Turmeric Acquisition Corp.,10/15/2020,G9127T116,13911,Array Technologies Inc,04271T100
748,Turmeric Acquisition Corp.,10/15/2020,G9127T116,13912,MINISO Group Holding Ltd,66981J102
749,Turmeric Acquisition Corp.,10/15/2020,G9127T116,13913,Motion Acquisition Corp,61980M206
750,Turmeric Acquisition Corp.,10/15/2020,G9127T116,13914,Spartacus Acq Corp,84677L208
751,LIV Capital Acquisition Corp.,12/13/2019,G5510C124,13606,CIIG Merger Corp,12559C202
752,LIV Capital Acquisition Corp.,12/13/2019,G5510C124,13607,Healthcare Merger Corp,42227L201
753,LIV Capital Acquisition Corp.,12/13/2019,G5510C124,13608,OneConnect Finl Tech Co Ltd,68248T105
754,LIV Capital Acquisition Corp.,12/13/2019,G5510C124,13609,Sprout Social Inc,85209W109
755,PropTech Acquisition Corp.,11/26/2019,74349F200,13599,Alussa Energy Acq Corp,G0232J127
756,PropTech Acquisition Corp.,11/26/2019,74349F200,13600,Calamos Long/Short Equity Inc,12812C106
757,CHP Merger Corp.,11/26/2019,12558Y205,13599,Alussa Energy Acq Corp,G0232J127
758,CHP Merger Corp.,11/26/2019,12558Y205,13600,Calamos Long/Short Equity Inc,12812C106
759,Amplitude Healthcare Acquisition Corp.,11/22/2019,03212A204,13596,Alpine Income Property Trust,02083X103
760,Amplitude Healthcare Acquisition Corp.,11/22/2019,03212A204,13597,CHP Merger Corp,12558Y205
761,Amplitude Healthcare Acquisition Corp.,11/22/2019,03212A204,13598,PropTech Acquisition Corp,74349F200
762,Software Acquisition Group Inc.,11/22/2019,83406B200,13596,Alpine Income Property Trust,02083X103
763,Software Acquisition Group Inc.,11/22/2019,83406B200,13597,CHP Merger Corp,12558Y205
764,Software Acquisition Group Inc.,11/22/2019,83406B200,13598,PropTech Acquisition Corp,74349F200
765,GreenVision Acquisition Corp.,11/21/2019,39678G202,13594,Canaan Inc,134748102
766,GreenVision Acquisition Corp.,11/21/2019,39678G202,13595,SiTime Corp,82982T106
767,Stable Road Acquisition Corp.,11/13/2019,85236Q208,13590,YayYo Inc,985294107
768,"Juniper Industrial Holdings, Inc.",11/13/2019,48205G205,13590,YayYo Inc,985294107
769,Chardan Healthcare Acquisition Corp.,12/18/2018,09090D202,13384,Aptorum Grp Ltd,G6096M106
770,CF Finance Acquisition Corp.,12/17/2018,12528N206,13383,Chardan Healthcare Acq Corp,15957A10
771,Schultze Special Purpose Acquisition Corp.,12/13/2018,80821R208,13380,CF Finance Acquisition Corp,12528N206
772,FinTech Acquisition Corp. III,11/20/2018,31811A309,13373,TuanChe Limited,89856T104
773,AMCI Acquisition Corp.,11/20/2018,00165R200,13373,TuanChe Limited,89856T104
774,Boxwood Merger Corp.,11/20/2018,10319T200,13373,TuanChe Limited,89856T104
775,Alberton Acquisition Corp.,10/26/2018,,13359,Gamida Cell Ltd,M47364100
776,Alberton Acquisition Corp.,10/26/2018,,13360,RiverNorth Opportunistic Munic,76883F10
777,Graf Industrial Corp.,10/18/2018,384278206,13349,Osmotica Pharmaceuticals PLC,G6S41R101
778,Graf Industrial Corp.,10/18/2018,384278206,13350,PhaseBio Pharmaceuticals Inc,717224109
779,Graf Industrial Corp.,10/18/2018,384278206,13351,Studio City Intl Hldg Ltd,86389T106
780,DD3 Acquisition Corp.,10/16/2018,23318M209,13347,Graf Industrial Corp,384278206
781,Legacy Acquisition Corp.,11/17/2017,524643202,13120,Bluegreen Vacations Corp,09629F108
782,Legacy Acquisition Corp.,11/17/2017,524643202,13121,Legacy Acquisition,524643202
783,Legacy Acquisition Corp.,11/17/2017,524643202,13122,SailPoint Tech Hldg Inc,78781P105
784,Legacy Acquisition Corp.,11/17/2017,524643202,13123,Sterling Bancorp Inc,85917W102
785,Legacy Acquisition Corp.,11/17/2017,524643202,13124,Stitch Fix Inc,860897107
786,Legacy Acquisition Corp.,11/17/2017,524643202,13125,scPharmaceuticals Inc,810648105
787,Haymaker Acquisition Corp.,10/27/2017,420870206,13094,Dreyfus Alcentra Gl Cr 2024,26189A105
788,Haymaker Acquisition Corp.,10/27/2017,420870206,13095,Forescout Technologies Inc,34553D101
789,Haymaker Acquisition Corp.,10/27/2017,420870206,13096,Merchants Bancorp,58844R108
790,Haymaker Acquisition Corp.,10/27/2017,420870206,13097,Nexa Resources SA,L67359106
791,Avista Healthcare Public Acquisition Corp.,10/14/2016,G07247110,12918,Mammoth Energy Services Inc,56155L108
